{
  "schemaVersion": 1,
  "id": "pury_music",
  "version": "1.0.2",
  "name": "Pury Music",
  "description": "Music by Pury World",
  "authors": [
    "GideonWhite1029"
  ],
  "contact": {
    "homepage": "https://example.com",
    "sources": ""
  },
  "license": "Academic Free License v3.0",
  "accessWidener": "pury_music.accesswidener",
  "environment": "*",
  "entrypoints": {
    "main": [
      "net.purymusic.PuryMusicMod"
    ],
    "client": [
      "net.purymusic.ClientInit"
    ]
  },
  "depends": {
    "fabricloader": ">=0.14.9",
    "fabric": "*",
    "minecraft": "~1.19",
    "java": ">=17"
  },
  "mixins": [
    "pury_music.mixins.json"
  ]
}